iteration,value,g_norm,p
0,0.39369773097768157,0.011333076827444964,"[0.16024233912955668, -0.07008476040668703, 0.0, 0.0, 0.0, 0.0, 0.0, 0.0]"
1,0.3907337419067082,0.013060136717098849,"[0.16195260543606, -0.060043833921586874, 0.0, 0.0, 0.0, 0.0, 0.0, 0.0]"
2,0.3904526153477692,0.013697650666290891,"[0.16272547885741048, -0.054846635059239285, 0.0, 0.0, 0.0, 0.0, 0.0, 0.0]"
3,0.39039371585103755,0.013875391251226027,"[0.16296736941824322, -0.05314502940106605, 0.0, 0.0, 0.0, 0.0, 0.0, 0.0]"
4,0.3897520000810842,0.015630853857689274,"[0.16472954922626723, -0.040604850836214235, 0.0, 0.0, 0.0, 0.0, 0.0, 0.0]"
5,0.38940839032458974,0.01562745821559187,"[0.16481452063862195, -0.03992947346023593, 0.0, 0.0, 0.0, 0.0, 0.0, 0.0]"
